Image1,Image2,Image3,Image4
//cdn.shopify.com/s/files/1/2480/4282/products/8513682718_1271534044_1024x1024_e1dcb01e-a723-4cc5-a503-ea647050e27e_600x.jpg?v=1521599436,//cdn.shopify.com/s/files/1/2480/4282/products/8513721007_1271534044_1024x1024_fd1bd30a-e0cf-4f74-a697-3eab7f3c8a69_600x.jpg?v=1521599437,//cdn.shopify.com/s/files/1/2480/4282/products/8513670836_1271534044_1024x1024_ccf483ec-78e4-4c72-a313-455d53e5cea5_600x.jpg?v=1521599438,//cdn.shopify.com/s/files/1/2480/4282/products/8513709251_1271534044_1024x1024_722c9da6-b528-4433-9433-baa0538082be_600x.jpg?v=1521599439
Prices
$45.99
Pattern,Occasion,Material,Color,Size
Floral,Daily/Beach,Polyester,Same as the picture,"S,M,L"
S,33.1,53.5
M,35.4,54.5
L,37.8,55.5
S,84,136
M,90,138.5
L,96,141
Image1,Image2,Image3,Image4
//cdn.shopify.com/s/files/1/2480/4282/products/8513682718_1271534044_1024x1024_e1dcb01e-a723-4cc5-a503-ea647050e27e_600x.jpg?v=1521599436,//cdn.shopify.com/s/files/1/2480/4282/products/8513721007_1271534044_1024x1024_fd1bd30a-e0cf-4f74-a697-3eab7f3c8a69_600x.jpg?v=1521599437,//cdn.shopify.com/s/files/1/2480/4282/products/8513670836_1271534044_1024x1024_ccf483ec-78e4-4c72-a313-455d53e5cea5_600x.jpg?v=1521599438,//cdn.shopify.com/s/files/1/2480/4282/products/8513709251_1271534044_1024x1024_722c9da6-b528-4433-9433-baa0538082be_600x.jpg?v=1521599439
Prices
$45.99
Pattern,Occasion,Material,Color,Size
Floral,Daily/Beach,Polyester,Same as the picture,"S,M,L"
S,33.1,53.5
M,35.4,54.5
L,37.8,55.5
S,84,136
M,90,138.5
L,96,141
Image1,Image2,Image3,Image4
//cdn.shopify.com/s/files/1/2480/4282/products/8513682718_1271534044_1024x1024_e1dcb01e-a723-4cc5-a503-ea647050e27e_600x.jpg?v=1521599436,//cdn.shopify.com/s/files/1/2480/4282/products/8513721007_1271534044_1024x1024_fd1bd30a-e0cf-4f74-a697-3eab7f3c8a69_600x.jpg?v=1521599437,//cdn.shopify.com/s/files/1/2480/4282/products/8513670836_1271534044_1024x1024_ccf483ec-78e4-4c72-a313-455d53e5cea5_600x.jpg?v=1521599438,//cdn.shopify.com/s/files/1/2480/4282/products/8513709251_1271534044_1024x1024_722c9da6-b528-4433-9433-baa0538082be_600x.jpg?v=1521599439
Prices
$45.99
Pattern,Occasion,Material,Color,Size
Floral,Daily/Beach,Polyester,Same as the picture,"S,M,L"
S,33.1,53.5
M,35.4,54.5
L,37.8,55.5
S,84,136
M,90,138.5
L,96,141
Image1,Image2,Image3,Image4
//cdn.shopify.com/s/files/1/2480/4282/products/8513682718_1271534044_1024x1024_e1dcb01e-a723-4cc5-a503-ea647050e27e_600x.jpg?v=1521599436,//cdn.shopify.com/s/files/1/2480/4282/products/8513721007_1271534044_1024x1024_fd1bd30a-e0cf-4f74-a697-3eab7f3c8a69_600x.jpg?v=1521599437,//cdn.shopify.com/s/files/1/2480/4282/products/8513670836_1271534044_1024x1024_ccf483ec-78e4-4c72-a313-455d53e5cea5_600x.jpg?v=1521599438,//cdn.shopify.com/s/files/1/2480/4282/products/8513709251_1271534044_1024x1024_722c9da6-b528-4433-9433-baa0538082be_600x.jpg?v=1521599439
Prices
$45.99
Pattern,Occasion,Material,Color,Size
Floral,Daily/Beach,Polyester,Same as the picture,"S,M,L"
S,33.1,53.5
M,35.4,54.5
L,37.8,55.5
S,84,136
M,90,138.5
L,96,141
Image1,Image2,Image3,Image4
//cdn.shopify.com/s/files/1/2480/4282/products/8513682718_1271534044_1024x1024_e1dcb01e-a723-4cc5-a503-ea647050e27e_600x.jpg?v=1521599436,//cdn.shopify.com/s/files/1/2480/4282/products/8513721007_1271534044_1024x1024_fd1bd30a-e0cf-4f74-a697-3eab7f3c8a69_600x.jpg?v=1521599437,//cdn.shopify.com/s/files/1/2480/4282/products/8513670836_1271534044_1024x1024_ccf483ec-78e4-4c72-a313-455d53e5cea5_600x.jpg?v=1521599438,//cdn.shopify.com/s/files/1/2480/4282/products/8513709251_1271534044_1024x1024_722c9da6-b528-4433-9433-baa0538082be_600x.jpg?v=1521599439
Prices
$45.99
Pattern,Occasion,Material,Color,Size
Floral,Daily/Beach,Polyester,Same as the picture,"S,M,L"
S,33.1,53.5
M,35.4,54.5
L,37.8,55.5
S,84,136
M,90,138.5
L,96,141
























Image1,Image2,Image3,Image4
//cdn.shopify.com/s/files/1/2480/4282/products/8513682718_1271534044_1024x1024_e1dcb01e-a723-4cc5-a503-ea647050e27e_600x.jpg?v=1521599436,//cdn.shopify.com/s/files/1/2480/4282/products/8513721007_1271534044_1024x1024_fd1bd30a-e0cf-4f74-a697-3eab7f3c8a69_600x.jpg?v=1521599437,//cdn.shopify.com/s/files/1/2480/4282/products/8513670836_1271534044_1024x1024_ccf483ec-78e4-4c72-a313-455d53e5cea5_600x.jpg?v=1521599438,//cdn.shopify.com/s/files/1/2480/4282/products/8513709251_1271534044_1024x1024_722c9da6-b528-4433-9433-baa0538082be_600x.jpg?v=1521599439
Prices
$45.99
Pattern,Occasion,Material,Color,Size
Floral,Daily/Beach,Polyester,Same as the picture,"S,M,L"
S,33.1,53.5
M,35.4,54.5
L,37.8,55.5
S,84,136
M,90,138.5
L,96,141
Image1,Image2,Image3,Image4,Image5,Image6,Image7
//cdn.shopify.com/s/files/1/2480/4282/products/product-image-215899683_large_1024x1024_09b8854d-4f6f-43a0-bbcf-a64aa4de9080_600x.jpg?v=1521599032,//cdn.shopify.com/s/files/1/2480/4282/products/20171103_100032_031_-_2_1024x1024_85afd486-548e-49a0-9cf9-5a85bdfd385e_600x.jpg?v=1521599034,//cdn.shopify.com/s/files/1/2480/4282/products/venta-al-por-mayor-maxi-vestidos-sexy-una-playa-de-arena-blanca-2017-europa-y-los-es--3630-500x500_0_1024x1024_6dcc4027-4063-4a3d-9228-c5cb6776b223_600x.jpg?v=1521599035,//cdn.shopify.com/s/files/1/2480/4282/products/20171103_100032_032_1024x1024_9bc92f9f-45ab-404a-a71f-ef05105b3911_600x.jpg?v=1521599036,//cdn.shopify.com/s/files/1/2480/4282/products/product-image-215899683_large_1024x1024_f67e12bb-3573-4ad0-8b5a-ca1aeed364b1_545x.jpg?v=1521599037,//cdn.shopify.com/s/files/1/2480/4282/products/QQ_20170927133935_1024x1024_9696940f-75bc-4206-aadc-cb0bd213b1c3_600x.jpg?v=1521599038,//cdn.shopify.com/s/files/1/2480/4282/products/QQ_20170927133949_1024x1024_93efb848-9505-4214-b440-0163aed11359_600x.jpg?v=1521599039
Prices
$35.99
Pattern,Occasion
Casual/Daily,"S,M,L,XL"
S,41.7,21.3,46.9
M,43.3,21.7,47.2
L,44.9,22,47.6
S,106,54,119
M,110,55,120
L,114,56,121
Image1,Image2
//cdn.shopify.com/s/files/1/2480/4282/products/1_2_1024x1024_80a70f45-8e09-4ab1-964b-35a4d5a063a7_506x.jpg?v=1532318150,//cdn.shopify.com/s/files/1/2480/4282/products/1_2_1024x1024_9a91e892-15ef-4d53-a377-06a2cf6e85e9_598x.jpg?v=1532318152
Prices
$29.99


Free Size,98,32,100





Image1,Image2,Image3
//cdn.shopify.com/s/files/1/2480/4282/products/31057004_150839829091320_5021479641391562752_n_1024x1024_0d850377-ea2f-462c-99b0-36098a7f9ab8_600x.jpg?v=1531125560,//cdn.shopify.com/s/files/1/2480/4282/products/30942019_189413635022208_3186904259488645120_n_1024x1024_fe59d2a2-6ce3-403e-9a3d-173a6479567f_600x.jpg?v=1531125562,//cdn.shopify.com/s/files/1/2480/4282/products/31057004_150839829091320_5021479641391562752_n_1024x1024_f2fb527c-96fa-42ea-9579-ee8f940b7213_600x.jpg?v=1531125564
Prices
$29.99
"
"
"S, M, L, XL"
S,32.3-34.6,14.2,55.5
M,34.6-37,15,56.3
L,37-39.4,15.7,57.1
S,82-88,36,141
M,88-94,38,143
L,94-100,40,145
Image1,Image2,Image3,Image4
//cdn.shopify.com/s/files/1/2480/4282/products/0357-07_1024x1024_e3f9abfa-dd53-46ff-a81a-53977edcf0d8_600x.jpg?v=1532327579,//cdn.shopify.com/s/files/1/2480/4282/products/0357-06_1024x1024_1173282e-e936-43ac-9e12-3ce927946524_600x.jpg?v=1532327582,//cdn.shopify.com/s/files/1/2480/4282/products/9052071470_1902613322_1024x1024_77fa1be7-ef7a-45ba-b62b-4da695daf442_600x.jpg?v=1532327583,//cdn.shopify.com/s/files/1/2480/4282/products/9091889178_1902613322_1024x1024_2e4df05e-6842-4f5c-8382-e4f695a7102c_591x.jpg?v=1532327587
Prices
$34.99


Free Size,120,38,78





Image1,Image2,Image3,Image4,Image5,Image6
//cdn.shopify.com/s/files/1/2480/4282/products/0370-04_1024x1024_e6762929-2917-40b6-ac9a-ead90daac6fa_600x.jpg?v=1532326189,//cdn.shopify.com/s/files/1/2480/4282/products/0370-04_1024x1024_539a25a5-dec0-45af-835b-9b1986e61891_600x.jpg?v=1532326192,//cdn.shopify.com/s/files/1/2480/4282/products/0370-05_1024x1024_e424b989-bea9-48fc-9534-e5c221da9f22_576x.jpg?v=1532326193,//cdn.shopify.com/s/files/1/2480/4282/products/0370-06_1024x1024_c5e7ccc4-3624-4e66-9115-df75ca3acdc8_600x.jpg?v=1532326195,//cdn.shopify.com/s/files/1/2480/4282/products/0370-07_1024x1024_b394a138-b383-40e4-ad6d-56d43e268431_378x.jpg?v=1532326196,//cdn.shopify.com/s/files/1/2480/4282/products/0370-08_1024x1024_434a0a60-017c-431e-9aa7-634053742702_600x.jpg?v=1532326198
Prices
$29.99


Free Size,120,27,120





Image1,Image2,Image3,Image4,Image5,Image6,Image7
//cdn.shopify.com/s/files/1/2480/4282/products/0368-03_1024x1024_05895e48-e6ae-4db5-9df7-603a636a1d4d_600x.jpg?v=1532318462,//cdn.shopify.com/s/files/1/2480/4282/products/0368-08_1024x1024_b1629a25-53f1-4219-b2dc-6771f6e001f5_600x.jpg?v=1532318464,//cdn.shopify.com/s/files/1/2480/4282/products/0368-06_1024x1024_cf3cf76d-6442-4d4d-aa76-5f17c4088ce1_600x.jpg?v=1532318465,//cdn.shopify.com/s/files/1/2480/4282/products/0368-06_1024x1024_bea0d528-221d-4713-ac61-271a9b15252e_600x.jpg?v=1532318467,//cdn.shopify.com/s/files/1/2480/4282/products/0368-07_1024x1024_0060bb21-e225-4953-89d1-13f48e9d23e7_600x.jpg?v=1532318468,//cdn.shopify.com/s/files/1/2480/4282/products/0368-05_1024x1024_97af4a56-adfc-4020-b38f-416689648863_600x.jpg?v=1532318469,//cdn.shopify.com/s/files/1/2480/4282/products/0368-04_1024x1024_6333aa4a-be1e-4ff4-a8ab-af9550680518_600x.jpg?v=1532318470
Prices
$29.99


Free Size,130,3,75





Image1,Image2,Image3,Image4,Image5
//cdn.shopify.com/s/files/1/2480/4282/products/0377-01_1024x1024_f8209f80-eccf-4af1-9a85-8aa1752dfbee_600x.jpg?v=1532327338,//cdn.shopify.com/s/files/1/2480/4282/products/0377-01_1024x1024_dc33a92f-2cd1-40e2-91db-1b5a41a66fda_600x.jpg?v=1532327340,//cdn.shopify.com/s/files/1/2480/4282/products/0377-05_1024x1024_c2e0e7e1-f89b-4b69-b81a-d635b3da6b2b_600x.jpg?v=1532327342,//cdn.shopify.com/s/files/1/2480/4282/products/0377-02_1024x1024_1aeede26-fa98-4c19-b74a-83b3f3e01202_600x.jpg?v=1532327344,//cdn.shopify.com/s/files/1/2480/4282/products/0377-03_1024x1024_821981f8-5c46-4f0a-a3e9-2b145daed755_600x.jpg?v=1532327346
Prices
$29.99


Free Size,32,130





Image1,Image2,Image3,Image4
//cdn.shopify.com/s/files/1/2480/4282/products/ines-celeste-navy-2018_1_1024x1024_8981ea67-61c4-4465-bf67-ce46461e8925_600x.jpg?v=1532326795,//cdn.shopify.com/s/files/1/2480/4282/products/ines-celeste-navy-2018_1_1024x1024_26b7275a-74d8-4330-93e8-f764a682618c_600x.jpg?v=1532326797,//cdn.shopify.com/s/files/1/2480/4282/products/0375-03_1024x1024_74a2672f-f8dc-45a7-8e57-40d0de800a3e_600x.jpg?v=1532326798,//cdn.shopify.com/s/files/1/2480/4282/products/0375-02_1024x1024_e7dce659-05ea-414b-a1d4-1a129bd0d494_600x.jpg?v=1532326800
Prices
$29.99


Free Size,154,122





Image1,Image2,Image3,Image4,Image5
//cdn.shopify.com/s/files/1/2480/4282/products/0373-01_1024x1024_e5ddbd59-f85d-4cd7-9674-48d278c2fc42_600x.jpg?v=1532326633,//cdn.shopify.com/s/files/1/2480/4282/products/0373-01_1024x1024_dbc67442-f823-45cc-801f-917104084823_600x.jpg?v=1532326634,//cdn.shopify.com/s/files/1/2480/4282/products/0373-02_1024x1024_f67e5b1e-6afc-4691-90c2-d4d16db6d725_600x.jpg?v=1532326635,//cdn.shopify.com/s/files/1/2480/4282/products/0373-03_1024x1024_d4c99b11-4a59-4d59-a299-426795a42b5f_600x.jpg?v=1532326637,//cdn.shopify.com/s/files/1/2480/4282/products/0373-04_1024x1024_6fcc0466-2ade-44a9-9dd1-da51cdca09d8_600x.jpg?v=1532326638
Prices
$29.99


Free Size,130,85





Image1,Image2,Image3,Image4
//cdn.shopify.com/s/files/1/2480/4282/products/J3259_BL8133__.web_1024x1024_0e825acc-97dc-4a9c-bbbb-3d48e3d0a2ec_600x.jpg?v=1532318487,//cdn.shopify.com/s/files/1/2480/4282/products/J3259_BL8133_m_1024x1024_e50ba648-6053-4d18-900f-c8404f46227b_600x.jpg?v=1532318490,//cdn.shopify.com/s/files/1/2480/4282/products/J3259_BL8133_m_1024x1024_ebf2378c-6381-4032-8890-dd8ac0faf94d_600x.jpg?v=1532318491,//cdn.shopify.com/s/files/1/2480/4282/products/jcrew-navy-Embroidered-Beach-Tunic_1024x1024_aec9a717-2f5a-4c9d-bb60-4f443ae125b1_600x.jpg?v=1532318492
Prices
$29.99


Free Size,108,25,78





Image1,Image2,Image3,Image4
//cdn.shopify.com/s/files/1/2480/4282/products/0365-06_1024x1024_6519ad98-6c47-4091-8cb5-47f45a4604d8_600x.jpg?v=1532327154,//cdn.shopify.com/s/files/1/2480/4282/products/2802_1024x1024_b69893b4-be32-41c2-86b5-87e28ea2b84d_547x.jpg?v=1532327156,//cdn.shopify.com/s/files/1/2480/4282/products/2802_1024x1024_715bf0b6-6ef6-4587-9bfd-1b721e67b669_600x.jpg?v=1532327158,//cdn.shopify.com/s/files/1/2480/4282/products/Island_Tribe_Marrakesh_White_lace_kaftan_1024x1024_fd239f5b-2f3d-4e15-8a6d-5bc749a473fb_476x.jpg?v=1532327160
Prices
$29.99
"
"
66.9
79





Image1,Image2,Image3,Image4,Image5,Image6,Image7
//cdn.shopify.com/s/files/1/2480/4282/products/0356-09_1024x1024_bae7b6ae-e62c-4f53-98dc-de2919ea52cb_600x.jpg?v=1532326195,//cdn.shopify.com/s/files/1/2480/4282/products/1_1024x1024_8da13480-bea6-4840-a92b-b968674a5ed0_600x.jpg?v=1532326198,//cdn.shopify.com/s/files/1/2480/4282/products/0356-06_1024x1024_be672bea-9709-4cb0-b304-e711bf8ab732_600x.jpg?v=1532326199,//cdn.shopify.com/s/files/1/2480/4282/products/0356-07_1024x1024_0b699932-b715-493e-9014-46fd7adf8d0c_600x.jpg?v=1532326200,//cdn.shopify.com/s/files/1/2480/4282/products/eberj4138210523_q4_2-0_1024x1024_eda71371-4dde-476d-a2ca-c1dc7b2c49ec_600x.jpg?v=1532326201,//cdn.shopify.com/s/files/1/2480/4282/products/eberj4138210523_q4_2-0_1024x1024_52216545-9cac-4c8e-9cbb-a8adb0c6fb53_600x.jpg?v=1532326203,//cdn.shopify.com/s/files/1/2480/4282/products/eberjey-Cloud-Summer-Of-Love-Elba-Dress_1024x1024_07b3353a-a65f-47e1-aa88-f26858149d4a_600x.jpg?v=1532326204
Prices
$29.99


Free Size,115,40,80





Image1,Image2,Image3,Image4,Image5
//cdn.shopify.com/s/files/1/2480/4282/products/149811935850846242_1024x1024_9cfbc2a1-69e0-4256-836a-569689e4f380_600x.jpg?v=1531296151,//cdn.shopify.com/s/files/1/2480/4282/products/149811935850846242_1024x1024_05c70582-99b6-4dfb-881d-701dd717ebd5_600x.jpg?v=1531296151,//cdn.shopify.com/s/files/1/2480/4282/products/4215074753_928770039_1024x1024_54d97c41-d9db-48c3-8209-12349f51d781_600x.jpg?v=1531296151,//cdn.shopify.com/s/files/1/2480/4282/products/4219677992_928770039_1024x1024_dab5aa93-1174-46cb-a331-df5b2a6d5fea_600x.jpg?v=1531296151,//cdn.shopify.com/s/files/1/2480/4282/products/4219692314_928770039_1024x1024_894a0620-81be-4610-a0b1-335f52553e6c_600x.jpg?v=1531296151
Prices
$39.99
Pattern,Occasion
V Neck,Chiffon
S,34.6,28.3,55.5
M,36.2,29.9,55.9
L
S,88,72,141
M,92,76,142
L,96,80,143
Image1,Image2,Image3,Image4,Image5
//cdn.shopify.com/s/files/1/2480/4282/products/118286_x_1024x1024_a06df55d-ab35-40c5-89be-b7a98481460f_600x.jpg?v=1532327041,//cdn.shopify.com/s/files/1/2480/4282/products/118283_x_1024x1024_46196ab6-223d-4bc8-bab6-34ecb71a09fd_600x.jpg?v=1532327043,//cdn.shopify.com/s/files/1/2480/4282/products/118287_x_1024x1024_259e4913-9943-47a7-9b4e-b158840e9cad_600x.jpg?v=1532327044,//cdn.shopify.com/s/files/1/2480/4282/products/118287_x_1024x1024_f4fe936a-36e7-4fdb-accf-ec75d25acc59_600x.jpg?v=1532327046,//cdn.shopify.com/s/files/1/2480/4282/products/13_4110_1024x1024_1024x1024_6aafcf75-60ed-4251-a10c-e70243f225c3_600x.jpg?v=1532327047
Prices
$29.99


Free Size,43,138





Image1,Image2,Image3,Image4,Image5
//cdn.shopify.com/s/files/1/2480/4282/products/TB255wwmr_0UKFjy1XaXXbKfXXa__2679882202_1024x1024_73b685d9-bf11-445f-9a57-0dd7faa22e12_600x.jpg?v=1520051669,//cdn.shopify.com/s/files/1/2480/4282/products/7f3801ee2ecb2da0528aaf2fab84bb3e1_1024x1024_351cd126-d904-4358-9f6c-5a7400146399_564x.jpg?v=1520051671,//cdn.shopify.com/s/files/1/2480/4282/products/1488228304231929559.webp_1024x1024_777f4e38-a3fc-47b5-8133-284eee86640f_266x.jpg?v=1520051678,//cdn.shopify.com/s/files/1/2480/4282/products/TB2cDW5BbxmpuFjSZJiXXXauVXa__2078872111_1024x1024_fb48f841-5daa-4ca4-8267-70a4d2ba9cf6_472x.jpg?v=1520051680,//cdn.shopify.com/s/files/1/2480/4282/products/TB2ty_cBbBmpuFjSZFAXXaQ0pXa__2078872111_1024x1024_6cc26d2b-17f0-4211-be62-27ce4ff1624d_600x.jpg?v=1520051681
Prices
$39.99


S,80-88,110
M,92-94,114
L,98-100,116



Image1,Image2,Image3,Image4,Image5
//cdn.shopify.com/s/files/1/2480/4282/products/8854330383_1902613322_1024x1024_8b50f7f5-e1d6-40ff-a074-ac7c987a8313_600x.jpg?v=1531453275,//cdn.shopify.com/s/files/1/2480/4282/products/8870876870_1902613322_1024x1024_d6cc21b6-c214-4d38-ac18-40e3c9eeddc9_600x.jpg?v=1531453277,//cdn.shopify.com/s/files/1/2480/4282/products/8870876870_1902613322_1024x1024_8f5d967f-79a4-414b-b5c7-0eff27ac4d28_546x.jpg?v=1531453279,//cdn.shopify.com/s/files/1/2480/4282/products/ruffled-off-the-shoulder-cover-up-viscose-44844413-wtwyxvx-4595_1024x1024_7cdcbb06-fd16-4134-bb0d-f008a5f2d572_600x.jpg?v=1531453281,//cdn.shopify.com/s/files/1/2480/4282/products/8854336199_1902613322_1024x1024_a3b6b58d-4509-4f0e-a120-59970b409048_600x.jpg?v=1531453284
Prices
$33.99
Pattern,Occasion,Material
Daily/Casual/Beach,Dacron,Free Size
Free Size,47.2,28.0


Free Size,120,71


